section,size,addr,symbol,file,kind,classification
.time_critical.timer_callback0,16,0x20000110,timer_callback0,main.c.obj,RAM-code(TC),runtime
.time_critical.core1_entry,136,0x20000120,core1_entry,main.c.obj,RAM-code(TC),runtime
.time_critical.get_uticks,12,0x200001a8,get_uticks,main.c.obj,RAM-code(TC),runtime
.time_critical.set_flash_timings,140,0x200001b4,set_flash_timings,main.c.obj,RAM-code(TC),init-only (MUST stay in RAM: reconfigs flash/clock/psram)
.time_critical.reconfigure_clocks,168,0x20000240,reconfigure_clocks,main.c.obj,RAM-code(TC),init-only (MUST stay in RAM: reconfigs flash/clock/psram)
.time_critical.,576,0x200002e8,,i386.c.obj,RAM-code(TC),runtime
.time_critical.pc_service_impl,148,0x20000528,pc_service_impl,pc.c.obj,RAM-code(TC),runtime
.time_critical.midi_sample,1404,0x200005bc,midi_sample,pc.c.obj,RAM-code(TC),runtime
.time_critical.pc_service,8,0x20000b38,pc_service,pc.c.obj,RAM-code(TC),runtime
.time_critical.pc_step,136,0x20000b40,pc_step,pc.c.obj,RAM-code(TC),runtime
.time_critical.iomem_read8,36,0x20000bc8,iomem_read8,pc.c.obj,RAM-code(TC),runtime
.time_critical.iomem_write8,44,0x20000bec,iomem_write8,pc.c.obj,RAM-code(TC),runtime
.time_critical.iomem_read16,104,0x20000c18,iomem_read16,pc.c.obj,RAM-code(TC),runtime
.time_critical.iomem_write16,48,0x20000c80,iomem_write16,pc.c.obj,RAM-code(TC),runtime
.time_critical.iomem_read32,216,0x20000cb0,iomem_read32,pc.c.obj,RAM-code(TC),runtime
.time_critical.iomem_write32,48,0x20000d88,iomem_write32,pc.c.obj,RAM-code(TC),runtime
.time_critical.midi2,948,0x20000db8,midi2,pc.c.obj,RAM-code(TC),runtime
.time_critical.,38800,0x2000116c,,cpu.c.obj,RAM-code(TC),runtime
.time_critical.cpu.pf,256,0x2000a8fc,cpu.pf,cpu.c.obj,RAM-code(TC),runtime
.time_critical.get_PC,12,0x2000a9fc,get_PC,dos_api.c.obj,RAM-code(TC),runtime
.time_critical.psram_size,8,0x2000aa08,psram_size,dos_api.c.obj,RAM-code(TC),runtime
.time_critical.nf_memset,112,0x2000aa10,nf_memset,dos_api.c.obj,RAM-code(TC),runtime
.time_critical.dos_api_memcpy,264,0x2000aa80,dos_api_memcpy,dos_api.c.obj,RAM-code(TC),runtime
.time_critical.dos_api_memcmp,128,0x2000ab88,dos_api_memcmp,dos_api.c.obj,RAM-code(TC),runtime
.time_critical.dos_phys_write32,76,0x2000ac08,dos_phys_write32,dos_api.c.obj,RAM-code(TC),runtime
.time_critical.dos_phys_write16,76,0x2000ac54,dos_phys_write16,dos_api.c.obj,RAM-code(TC),runtime
.time_critical.dos_phys_write8,76,0x2000aca0,dos_phys_write8,dos_api.c.obj,RAM-code(TC),runtime
.time_critical.dos_phys_read32,76,0x2000acec,dos_phys_read32,dos_api.c.obj,RAM-code(TC),runtime
.time_critical.dos_phys_read16,76,0x2000ad38,dos_phys_read16,dos_api.c.obj,RAM-code(TC),runtime
.time_critical.dos_phys_read8,76,0x2000ad84,dos_phys_read8,dos_api.c.obj,RAM-code(TC),runtime
.time_critical.kbd_step,120,0x2000add0,kbd_step,i8042.c.obj,RAM-code(TC),runtime
.time_critical.i8254_update_irq,156,0x2000ae48,i8254_update_irq,i8254.c.obj,RAM-code(TC),runtime
.time_critical.pit_get_gate,12,0x2000aee4,pit_get_gate,i8254.c.obj,RAM-code(TC),runtime
.time_critical.pit_get_initial_count,12,0x2000aef0,pit_get_initial_count,i8254.c.obj,RAM-code(TC),runtime
.time_critical.pit_get_mode,12,0x2000aefc,pit_get_mode,i8254.c.obj,RAM-code(TC),runtime
.time_critical.i8257_dma_hold_DREQ,20,0x2000af08,i8257_dma_hold_DREQ,i8257.c.obj,RAM-code(TC),runtime
.time_critical.i8257_dma_release_DREQ,24,0x2000af1c,i8257_dma_release_DREQ,i8257.c.obj,RAM-code(TC),runtime
.time_critical.i8257_dma_run,284,0x2000af34,i8257_dma_run,i8257.c.obj,RAM-code(TC),runtime
.time_critical.pic_get_irq,156,0x2000b050,pic_get_irq,i8259.c.obj,RAM-code(TC),runtime
.time_critical.i8259_set_irq,120,0x2000b0ec,i8259_set_irq,i8259.c.obj,RAM-code(TC),runtime
.time_critical.vga_refresh,68,0x2000b164,vga_refresh,vga.c.obj,RAM-code(TC),runtime
.time_critical.vga_ioport_read,288,0x2000b1a8,vga_ioport_read,vga.c.obj,RAM-code(TC),runtime
.time_critical.vga_ioport_write,488,0x2000b2c8,vga_ioport_write,vga.c.obj,RAM-code(TC),runtime
.time_critical.,372,0x2000b4b0,,vga.c.obj,RAM-code(TC),runtime
.time_critical.vga_mem_write,364,0x2000b624,vga_mem_write,vga.c.obj,RAM-code(TC),runtime
.time_critical.vga_mem_read,200,0x2000b790,vga_mem_read,vga.c.obj,RAM-code(TC),runtime
.time_critical.vga_get_text_cols,24,0x2000b858,vga_get_text_cols,vga.c.obj,RAM-code(TC),runtime
.time_critical.vga_get_mode,24,0x2000b870,vga_get_mode,vga.c.obj,RAM-code(TC),runtime
.time_critical.vga_get_cursor_info,156,0x2000b888,vga_get_cursor_info,vga.c.obj,RAM-code(TC),runtime
.time_critical.vga_get_palette,8,0x2000b924,vga_get_palette,vga.c.obj,RAM-code(TC),runtime
.time_critical.vga_is_palette_dirty,16,0x2000b92c,vga_is_palette_dirty,vga.c.obj,RAM-code(TC),runtime
.time_critical.vga_get_palette16,124,0x2000b93c,vga_get_palette16,vga.c.obj,RAM-code(TC),runtime
.time_critical.vga_get_graphics_mode,216,0x2000b9b8,vga_get_graphics_mode,vga.c.obj,RAM-code(TC),runtime
.time_critical.vga_get_line_offset,8,0x2000ba90,vga_get_line_offset,vga.c.obj,RAM-code(TC),runtime
.time_critical.vga_in_retrace,12,0x2000ba98,vga_in_retrace,vga.c.obj,RAM-code(TC),runtime
.time_critical.vga_get_cursor_blink_phase,40,0x2000baa4,vga_get_cursor_blink_phase,vga.c.obj,RAM-code(TC),runtime
.time_critical.vga_get_char_height,20,0x2000bacc,vga_get_char_height,vga.c.obj,RAM-code(TC),runtime
.time_critical.vga_get_font_ptr,44,0x2000bae0,vga_get_font_ptr,vga.c.obj,RAM-code(TC),runtime
.time_critical.mask16,64,0x2000bb0c,mask16,vga.c.obj,RAM-code(TC),runtime
.time_critical.gr_mask,16,0x2000bb4c,gr_mask,vga.c.obj,RAM-code(TC),runtime
.time_critical.sr_mask,8,0x2000bb5c,sr_mask,vga.c.obj,RAM-code(TC),runtime
.time_critical.fdc_tick,40,0x2000bb64,fdc_tick,fdd.c.obj,RAM-code(TC),runtime
.time_critical.cmos_update_irq,120,0x2000bb90,cmos_update_irq,misc.c.obj,RAM-code(TC),runtime
.time_critical.adlib_getsample,84,0x2000bc08,adlib_getsample,adlib.c.obj,RAM-code(TC),runtime
.time_critical.adlib_core0,68,0x2000bc5c,adlib_core0,adlib.c.obj,RAM-code(TC),runtime
.time_critical.sb16_getsample,340,0x2000bca0,sb16_getsample,sb16.c.obj,RAM-code(TC),runtime
.time_critical.pcspk_sample,108,0x2000bdf4,pcspk_sample,pcspk.c.obj,RAM-code(TC),runtime
.time_critical.sn76489_sample,420,0x2000be60,sn76489_sample,sn76489.c.obj,RAM-code(TC),runtime
.time_critical.dss_sample,68,0x2000c004,dss_sample,dss.c.obj,RAM-code(TC),runtime
.time_critical.mutex_enter_blocking,128,0x2000c048,mutex_enter_blocking,mutex.c.obj,RAM-code(TC),runtime
.time_critical.mutex_enter_block_until,108,0x2000c0c8,mutex_enter_block_until,mutex.c.obj,RAM-code(TC),runtime
.time_critical.mutex_try_enter_block_until,104,0x2000c134,mutex_try_enter_block_until,mutex.c.obj,RAM-code(TC),runtime
.time_critical.mutex_enter_timeout_ms,56,0x2000c19c,mutex_enter_timeout_ms,mutex.c.obj,RAM-code(TC),runtime
.time_critical.mutex_exit,60,0x2000c1d4,mutex_exit,mutex.c.obj,RAM-code(TC),runtime
.time_critical.usbmsc_device_task,12,0x2000c210,usbmsc_device_task,usbmsc_device.c.obj,RAM-code(TC),runtime
.time_critical.hw_xfer_complete,56,0x2000c21c,hw_xfer_complete,hcd_rp2040.c.obj,RAM-code(TC),runtime
.time_critical.hw_trans_complete,32,0x2000c254,hw_trans_complete,hcd_rp2040.c.obj,RAM-code(TC),runtime
.time_critical._handle_buff_status_bit,36,0x2000c274,_handle_buff_status_bit,hcd_rp2040.c.obj,RAM-code(TC),runtime
.time_critical.hw_handle_buff_status,124,0x2000c298,hw_handle_buff_status,hcd_rp2040.c.obj,RAM-code(TC),runtime
.time_critical.hcd_rp2040_irq,396,0x2000c314,hcd_rp2040_irq,hcd_rp2040.c.obj,RAM-code(TC),runtime
.time_critical.prepare_ep_buffer,192,0x2000c4a0,prepare_ep_buffer,rp2040_usb.c.obj,RAM-code(TC),runtime
.time_critical.sync_ep_buffer,180,0x2000c560,sync_ep_buffer,rp2040_usb.c.obj,RAM-code(TC),runtime
.time_critical._hw_endpoint_xfer_sync,44,0x2000c614,_hw_endpoint_xfer_sync,rp2040_usb.c.obj,RAM-code(TC),runtime
.time_critical.e15_is_bulkin_ep,40,0x2000c640,e15_is_bulkin_ep,rp2040_usb.c.obj,RAM-code(TC),runtime
.time_critical.e15_is_critical_frame_period,40,0x2000c668,e15_is_critical_frame_period,rp2040_usb.c.obj,RAM-code(TC),runtime
.time_critical.hw_endpoint_reset_transfer,12,0x2000c690,hw_endpoint_reset_transfer,rp2040_usb.c.obj,RAM-code(TC),runtime
.time_critical._hw_endpoint_buffer_control_update32,68,0x2000c69c,_hw_endpoint_buffer_control_update32,rp2040_usb.c.obj,RAM-code(TC),runtime
.time_critical.hw_endpoint_start_next_buffer,100,0x2000c6e0,hw_endpoint_start_next_buffer,rp2040_usb.c.obj,RAM-code(TC),runtime
.time_critical.hw_endpoint_xfer_continue,60,0x2000c744,hw_endpoint_xfer_continue,rp2040_usb.c.obj,RAM-code(TC),runtime
.time_critical.tinyusb,144,0x2000c780,tinyusb,usbh.c.obj,RAM-code(TC),runtime
.time_critical.reset_non_control_endpoints,100,0x2000c810,reset_non_control_endpoints,dcd_rp2040.c.obj,RAM-code(TC),runtime
.time_critical.hw_handle_buff_status,144,0x2000c874,hw_handle_buff_status,dcd_rp2040.c.obj,RAM-code(TC),runtime
.time_critical.dcd_rp2040_irq,1328,0x2000c904,dcd_rp2040_irq,dcd_rp2040.c.obj,RAM-code(TC),runtime
.time_critical.tinyusb,536,0x2000ce34,tinyusb,usbd.c.obj,RAM-code(TC),runtime
.time_critical.pio_spi_write8_blocking,112,0x2000d04c,pio_spi_write8_blocking,libsdcard.a(pio_spi.c.obj),RAM-code(TC),runtime
.time_critical.pio_spi_write8_read8_blocking,132,0x2000d0bc,pio_spi_write8_read8_blocking,libsdcard.a(pio_spi.c.obj),RAM-code(TC),runtime
.time_critical.pio_spi_repeat8_read8_blocking,128,0x2000d140,pio_spi_repeat8_read8_blocking,libsdcard.a(pio_spi.c.obj),RAM-code(TC),runtime
.time_critical.psram_init_with_freq,284,0x2000d1c0,psram_init_with_freq,libpsram.a(psram_init.c.obj),RAM-code(TC),init-only (MUST stay in RAM: reconfigs flash/clock/psram)
.time_critical.psram_init,8,0x2000d2dc,psram_init,libpsram.a(psram_init.c.obj),RAM-code(TC),init-only (MUST stay in RAM: reconfigs flash/clock/psram)
.time_critical.osd_render_line_hdmi,264,0x2000d2e4,osd_render_line_hdmi,libvideo_driver.a(hdmi.c.obj),RAM-code(TC),runtime
.time_critical.dma_handler_HDMI,3064,0x2000d3ec,dma_handler_HDMI,libvideo_driver.a(hdmi.c.obj),RAM-code(TC),runtime
.time_critical.graphics_set_palette_hdmi,1496,0x2000dfe4,graphics_set_palette_hdmi,libvideo_driver.a(hdmi.c.obj),RAM-code(TC),runtime
.time_critical.dma_handler_vga,3236,0x2000e5bc,dma_handler_vga,libvideo_driver.a(vga_hw.c.obj),RAM-code(TC),runtime
.time_critical.pre_render_line,88,0x2000f260,pre_render_line,libvideo_driver.a(vga_hw.c.obj),RAM-code(TC),runtime
.time_critical.vga_hw_process_deferred,760,0x2000f2b8,vga_hw_process_deferred,libvideo_driver.a(vga_hw.c.obj),RAM-code(TC),runtime
.time_critical.spread8_lut,1024,0x2000f5b0,spread8_lut,libvideo_driver.a(vga_hw.c.obj),RAM-code(TC),runtime
.time_critical.osd_is_visible,12,0x2000f9b0,osd_is_visible,libvideo_driver.a(vga_osd.c.obj),RAM-code(TC),runtime
.time_critical.osd_render_line_vga,244,0x2000f9bc,osd_render_line_vga,libvideo_driver.a(vga_osd.c.obj),RAM-code(TC),runtime
.time_critical.cga_colors,16,0x2000fab0,cga_colors,libvideo_driver.a(vga_osd.c.obj),RAM-code(TC),runtime
.time_critical.timer_callback,340,0x2000fac0,timer_callback,libaudio_driver.a(audio.c.obj),RAM-code(TC),runtime
.time_critical.repeat_me_often,88,0x2000fc14,repeat_me_often,libaudio_driver.a(audio.c.obj),RAM-code(TC),runtime
.text.frexp,108,0x2000fc6c,frexp,libm.a(libm_a-s_frexp.o),RAM-code(text),lib-in-RAM (relocatable to FLASH if not hot)
.text.ilogb,96,0x2000fcd8,ilogb,libm.a(libm_a-s_ilogb.o),RAM-code(text),lib-in-RAM (relocatable to FLASH if not hot)
.text.logb,140,0x2000fd38,logb,libm.a(libm_a-s_logb.o),RAM-code(text),lib-in-RAM (relocatable to FLASH if not hot)
.text.rint,292,0x2000fdc4,rint,libm.a(libm_a-s_rint.o),RAM-code(text),lib-in-RAM (relocatable to FLASH if not hot)
.text,36,0x2000fee8,.text,libgcc.a(_udivsi3.o),RAM-code(text),lib-in-RAM (relocatable to FLASH if not hot)
.text,44,0x2000ff0c,.text,libgcc.a(_divsi3.o),RAM-code(text),lib-in-RAM (relocatable to FLASH if not hot)
.text,4,0x2000ff38,.text,libgcc.a(_dvmd_tls.o),RAM-code(text),lib-in-RAM (relocatable to FLASH if not hot)
.text,24,0x2000ff3c,.text,libgcc.a(_lshrdi3.o),RAM-code(text),lib-in-RAM (relocatable to FLASH if not hot)
.text,28,0x2000ff54,.text,libgcc.a(_ashrdi3.o),RAM-code(text),lib-in-RAM (relocatable to FLASH if not hot)
.text,24,0x2000ff70,.text,libgcc.a(_ashldi3.o),RAM-code(text),lib-in-RAM (relocatable to FLASH if not hot)
.text,888,0x2000ff88,.text,libgcc.a(_arm_addsubdf3.o),RAM-code(text),lib-in-RAM (relocatable to FLASH if not hot)
.text,540,0x20010300,.text,libgcc.a(_arm_addsubsf3.o),RAM-code(text),lib-in-RAM (relocatable to FLASH if not hot)
.text,672,0x2001051c,.text,libgcc.a(_arm_muldivsf3.o),RAM-code(text),lib-in-RAM (relocatable to FLASH if not hot)
.text,236,0x200107bc,.text,libgcc.a(_arm_cmpsf2.o),RAM-code(text),lib-in-RAM (relocatable to FLASH if not hot)
.text,44,0x200108a8,.text,libgcc.a(_arm_unordsf2.o),RAM-code(text),lib-in-RAM (relocatable to FLASH if not hot)
.text,76,0x200108d4,.text,libgcc.a(_arm_fixsfsi.o),RAM-code(text),lib-in-RAM (relocatable to FLASH if not hot)
.text,64,0x20010920,.text,libgcc.a(_arm_fixunssfsi.o),RAM-code(text),lib-in-RAM (relocatable to FLASH if not hot)
.text,8,0x20010960,.text,libgcc.a(_clzsi2.o),RAM-code(text),lib-in-RAM (relocatable to FLASH if not hot)
.text,20,0x20010968,.text,libgcc.a(_ctzsi2.o),RAM-code(text),lib-in-RAM (relocatable to FLASH if not hot)
.text,32,0x2001097c,.text,libgcc.a(_aeabi_lcmp.o),RAM-code(text),lib-in-RAM (relocatable to FLASH if not hot)
.text,160,0x2001099c,.text,libgcc.a(_aeabi_ldivmod.o),RAM-code(text),lib-in-RAM (relocatable to FLASH if not hot)
.text,48,0x20010a3c,.text,libgcc.a(_aeabi_uldivmod.o),RAM-code(text),lib-in-RAM (relocatable to FLASH if not hot)
.text.__muldi3,16,0x20010a6c,__muldi3,libgcc.a(_muldi3.o),RAM-code(text),lib-in-RAM (relocatable to FLASH if not hot)
.text.__popcountsi2,40,0x20010a7c,__popcountsi2,libgcc.a(_popcountsi2.o),RAM-code(text),lib-in-RAM (relocatable to FLASH if not hot)
.text.__powisf2,104,0x20010aa4,__powisf2,libgcc.a(_powisf2.o),RAM-code(text),lib-in-RAM (relocatable to FLASH if not hot)
.text.__powidf2,156,0x20010b0c,__powidf2,libgcc.a(_powidf2.o),RAM-code(text),lib-in-RAM (relocatable to FLASH if not hot)
.text.__mulsc3,748,0x20010ba8,__mulsc3,libgcc.a(_mulsc3.o),RAM-code(text),runtime ABI (exported in DOS API; movable to FLASH)
.text.__muldc3,1428,0x20010e94,__muldc3,libgcc.a(_muldc3.o),RAM-code(text),runtime ABI (exported in DOS API; movable to FLASH)
.text.__divsc3,772,0x20011428,__divsc3,libgcc.a(_divsc3.o),RAM-code(text),runtime ABI (exported in DOS API; movable to FLASH)
.text.__divdc3,2096,0x2001172c,__divdc3,libgcc.a(_divdc3.o),RAM-code(text),runtime ABI (exported in DOS API; movable to FLASH)
.text.__udivmoddi4,844,0x20011f5c,__udivmoddi4,libgcc.a(_udivmoddi4.o),RAM-code(text),lib-in-RAM (relocatable to FLASH if not hot)
.text.selfrel_offset31,20,0x200122a8,selfrel_offset31,libgcc.a(unwind-arm.o),RAM-code(text),DEAD (EH/unwind - never runs)
.text.search_EIT_table,92,0x200122bc,search_EIT_table,libgcc.a(unwind-arm.o),RAM-code(text),DEAD (EH/unwind - never runs)
.text.__gnu_unwind_get_pr_addr,40,0x20012318,__gnu_unwind_get_pr_addr,libgcc.a(unwind-arm.o),RAM-code(text),DEAD (EH/unwind - never runs)
.text.get_eit_entry,152,0x20012340,get_eit_entry,libgcc.a(unwind-arm.o),RAM-code(text),DEAD (EH/unwind - never runs)
.text.restore_non_core_regs,88,0x200123d8,restore_non_core_regs,libgcc.a(unwind-arm.o),RAM-code(text),DEAD (EH/unwind - never runs)
.text._Unwind_decode_typeinfo_ptr.constprop.0,12,0x20012430,_Unwind_decode_typeinfo_ptr.constprop.0,libgcc.a(unwind-arm.o),RAM-code(text),DEAD (EH/unwind - never runs)
.text._Unwind_DebugHook,4,0x2001243c,_Unwind_DebugHook,libgcc.a(unwind-arm.o),RAM-code(text),DEAD (EH/unwind - never runs)
.text.unwind_phase2,64,0x20012440,unwind_phase2,libgcc.a(unwind-arm.o),RAM-code(text),DEAD (EH/unwind - never runs)
.text.unwind_phase2_forced,220,0x20012480,unwind_phase2_forced,libgcc.a(unwind-arm.o),RAM-code(text),DEAD (EH/unwind - never runs)
.text.__gnu_Unwind_RaiseException,108,0x2001255c,__gnu_Unwind_RaiseException,libgcc.a(unwind-arm.o),RAM-code(text),DEAD (EH/unwind - never runs)
.text.__gnu_Unwind_ForcedUnwind,20,0x200125c8,__gnu_Unwind_ForcedUnwind,libgcc.a(unwind-arm.o),RAM-code(text),DEAD (EH/unwind - never runs)
.text.__gnu_Unwind_Resume,68,0x200125dc,__gnu_Unwind_Resume,libgcc.a(unwind-arm.o),RAM-code(text),DEAD (EH/unwind - never runs)
.text.__gnu_Unwind_Resume_or_Rethrow,32,0x20012620,__gnu_Unwind_Resume_or_Rethrow,libgcc.a(unwind-arm.o),RAM-code(text),DEAD (EH/unwind - never runs)
.text._Unwind_Complete,4,0x20012640,_Unwind_Complete,libgcc.a(unwind-arm.o),RAM-code(text),DEAD (EH/unwind - never runs)
.text._Unwind_DeleteException,12,0x20012644,_Unwind_DeleteException,libgcc.a(unwind-arm.o),RAM-code(text),DEAD (EH/unwind - never runs)
.text._Unwind_VRS_Get,52,0x20012650,_Unwind_VRS_Get,libgcc.a(unwind-arm.o),RAM-code(text),DEAD (EH/unwind - never runs)
.text._Unwind_GetGR,24,0x20012684,_Unwind_GetGR,libgcc.a(unwind-arm.o),RAM-code(text),DEAD (EH/unwind - never runs)
.text._Unwind_VRS_Set,52,0x2001269c,_Unwind_VRS_Set,libgcc.a(unwind-arm.o),RAM-code(text),DEAD (EH/unwind - never runs)
.text._Unwind_SetGR,24,0x200126d0,_Unwind_SetGR,libgcc.a(unwind-arm.o),RAM-code(text),DEAD (EH/unwind - never runs)
.text.__gnu_Unwind_Backtrace,136,0x200126e8,__gnu_Unwind_Backtrace,libgcc.a(unwind-arm.o),RAM-code(text),DEAD (EH/unwind - never runs)
.text.__gnu_unwind_pr_common,684,0x20012770,__gnu_unwind_pr_common,libgcc.a(unwind-arm.o),RAM-code(text),DEAD (EH/unwind - never runs)
.text.__aeabi_unwind_cpp_pr0,8,0x20012a1c,__aeabi_unwind_cpp_pr0,libgcc.a(unwind-arm.o),RAM-code(text),DEAD (EH/unwind - never runs)
.text.__aeabi_unwind_cpp_pr1,8,0x20012a24,__aeabi_unwind_cpp_pr1,libgcc.a(unwind-arm.o),RAM-code(text),DEAD (EH/unwind - never runs)
.text.__aeabi_unwind_cpp_pr2,8,0x20012a2c,__aeabi_unwind_cpp_pr2,libgcc.a(unwind-arm.o),RAM-code(text),DEAD (EH/unwind - never runs)
.text._Unwind_VRS_Pop,776,0x20012a34,_Unwind_VRS_Pop,libgcc.a(unwind-arm.o),RAM-code(text),DEAD (EH/unwind - never runs)
.text,428,0x20012d3c,.text,libgcc.a(libunwind.o),RAM-code(text),DEAD (EH/unwind - never runs)
.text.next_unwind_byte,60,0x20012ee8,next_unwind_byte,libgcc.a(pr-support.o),RAM-code(text),DEAD (EH/unwind - never runs)
.text._Unwind_GetGR.constprop.0,24,0x20012f24,_Unwind_GetGR.constprop.0,libgcc.a(pr-support.o),RAM-code(text),DEAD (EH/unwind - never runs)
.text.unwind_UCB_from_context,4,0x20012f3c,unwind_UCB_from_context,libgcc.a(pr-support.o),RAM-code(text),DEAD (EH/unwind - never runs)
.text.__gnu_unwind_execute,776,0x20012f40,__gnu_unwind_execute,libgcc.a(pr-support.o),RAM-code(text),DEAD (EH/unwind - never runs)
.text.__gnu_unwind_frame,44,0x20013248,__gnu_unwind_frame,libgcc.a(pr-support.o),RAM-code(text),DEAD (EH/unwind - never runs)
.text._Unwind_GetRegionStart,12,0x20013274,_Unwind_GetRegionStart,libgcc.a(pr-support.o),RAM-code(text),DEAD (EH/unwind - never runs)
.text._Unwind_GetLanguageSpecificData,20,0x20013280,_Unwind_GetLanguageSpecificData,libgcc.a(pr-support.o),RAM-code(text),DEAD (EH/unwind - never runs)
.text.unlikely._Unwind_GetDataRelBase,6,0x20013294,unlikely._Unwind_GetDataRelBase,libgcc.a(pr-support.o),RAM-code(text),DEAD (EH/unwind - never runs)
.text.unlikely._Unwind_GetTextRelBase,6,0x2001329a,unlikely._Unwind_GetTextRelBase,libgcc.a(pr-support.o),RAM-code(text),DEAD (EH/unwind - never runs)
.text.unlikely._Unwind_GetTextRelBase.__stub,448,0x200132a0,unlikely._Unwind_GetTextRelBase.__stub,linker stubs,RAM-code(text),DEAD (EH/unwind - never runs)
.rodata.TWO52,16,0x20013460,TWO52,libm.a(libm_a-s_rint.o),RAM-rodata,lib-in-RAM (relocatable to FLASH if not hot)
.data.__dso_handle,4,0x20013470,__dso_handle,crtbegin.o,RAM-data,runtime
.data.boot_time_offset,4,0x20013474,boot_time_offset,platform_rp2350.c.obj,RAM-data,runtime
.data.cfg_voltage,4,0x20013478,cfg_voltage,config_save.c.obj,RAM-data,runtime
.data.cfg_volume,4,0x2001347c,cfg_volume,config_save.c.obj,RAM-data,runtime
.data.cfg_flash_freq,4,0x20013480,cfg_flash_freq,config_save.c.obj,RAM-data,runtime
.data.cfg_psram_freq,4,0x20013484,cfg_psram_freq,config_save.c.obj,RAM-data,runtime
.data.cfg_cpu_freq,4,0x20013488,cfg_cpu_freq,config_save.c.obj,RAM-data,runtime
.data.cfg_mouse,4,0x2001348c,cfg_mouse,config_save.c.obj,RAM-data,runtime
.data.cfg_mpu401,4,0x20013490,cfg_mpu401,config_save.c.obj,RAM-data,runtime
.data.cfg_covox,4,0x20013494,cfg_covox,config_save.c.obj,RAM-data,runtime
.data.cfg_soundblaster,4,0x20013498,cfg_soundblaster,config_save.c.obj,RAM-data,runtime
.data.cfg_adlib,4,0x2001349c,cfg_adlib,config_save.c.obj,RAM-data,runtime
.data.cfg_pcspeaker,4,0x200134a0,cfg_pcspeaker,config_save.c.obj,RAM-data,runtime
.data.cfg_redirector,4,0x200134a4,cfg_redirector,config_save.c.obj,RAM-data,runtime
.data.cfg_cpu_gen,4,0x200134a8,cfg_cpu_gen,config_save.c.obj,RAM-data,runtime
.data.cfg_mem_mb,4,0x200134ac,cfg_mem_mb,config_save.c.obj,RAM-data,runtime
.data.pte_lookup,128,0x200134b0,pte_lookup,i386.c.obj,RAM-data,runtime
.data.phys_mem_size,4,0x20013530,phys_mem_size,pc.c.obj,RAM-data,runtime
.data.noise_seed,4,0x20013534,noise_seed,pc.c.obj,RAM-data,runtime
.data.midi_channels,128,0x20013538,midi_channels,pc.c.obj,RAM-data,runtime
.data.mpu_status,1,0x200135b8,mpu_status,pc.c.obj,RAM-data,runtime
.data.params,24,0x200135bc,params,bios_00h.c.obj,RAM-data,runtime
.data.params,24,0x200135d4,params,bios_09h.c.obj,RAM-data,runtime
.data.old.2,4,0x200135ec,old.2,bios_15h.c.obj,RAM-data,runtime
.data.params,24,0x200135f0,params,bios_18h.c.obj,RAM-data,runtime
.data.params,24,0x20013608,params,bios_19h.c.obj,RAM-data,runtime
.data.root,24,0x20013620,root,bios_FFh.c.obj,RAM-data,runtime
.data.last_int_call,4,0x20013638,last_int_call,bios_intcall.c.obj,RAM-data,runtime
.data.LBA_WRITE_VERIFY,2,0x2001363c,LBA_WRITE_VERIFY,initdisk.c.obj,RAM-data,runtime
.data.table.2,144,0x20013640,table.2,config.c.obj,RAM-data,init-only (FDOS DoConfig/DoInstall; reclaimable via overlay)
.data.digits.3,17,0x200136d0,digits.3,config.c.obj,RAM-data,init-only (FDOS DoConfig/DoInstall; reclaimable via overlay)
.data.near_mcb.4,16,0x200136e4,near_mcb.4,config.c.obj,RAM-data,init-only (FDOS DoConfig/DoInstall; reclaimable via overlay)
.data.specificCountriesSupported,351,0x200136f4,specificCountriesSupported,config.c.obj,RAM-data,init-only (FDOS DoConfig/DoInstall; reclaimable via overlay)
.data.commands,342,0x20013854,commands,config.c.obj,RAM-data,init-only (FDOS DoConfig/DoInstall; reclaimable via overlay)
.data.nlsCountryInfoHardcoded,31,0x200139ac,nlsCountryInfoHardcoded,config.c.obj,RAM-data,init-only (FDOS DoConfig/DoInstall; reclaimable via overlay)
.data.Config,28,0x200139d0,Config,config.c.obj,RAM-data,init-only (FDOS DoConfig/DoInstall; reclaimable via overlay)
.data.MenuTimeout,4,0x200139ec,MenuTimeout,config.c.obj,RAM-data,init-only (FDOS DoConfig/DoInstall; reclaimable via overlay)
.data.MenuColor,4,0x200139f0,MenuColor,config.c.obj,RAM-data,init-only (FDOS DoConfig/DoInstall; reclaimable via overlay)
.data.template_string,29,0x200139f4,template_string,dsk.c.obj,RAM-data,runtime
.data.InitKernelConfig,24,0x20013a14,InitKernelConfig,kernel.c.obj,RAM-data,runtime
.data.kbdType,1,0x20013a2c,kbdType,kernel.c.obj,RAM-data,runtime
.data.x86_PSP,4,0x20013a30,x86_PSP,kernel.c.obj,RAM-data,runtime
.data.params.0,24,0x20013a34,params.0,fdos_2fh.c.obj,RAM-data,runtime
.data.umb_blocks_count,4,0x20013a4c,umb_blocks_count,fdos_2fh.c.obj,RAM-data,runtime
.data.umb_blocks,4,0x20013a50,umb_blocks,fdos_2fh.c.obj,RAM-data,runtime
.data.umb_guest,256,0x20013a54,umb_guest,fdos_2fh.c.obj,RAM-data,runtime
.data.umb_native,512,0x20013b54,umb_native,fdos_2fh.c.obj,RAM-data,runtime
.data.fdd,1232,0x20013d58,fdd,disk.c.obj,RAM-data,runtime
.data._ZL19wav_or_table_lookup,32,0x20014228,_ZL19wav_or_table_lookup,slot_render.cpp.obj,RAM-data,runtime
.data._ZL13pm_table_half,64,0x20014248,_ZL13pm_table_half,slot_render.cpp.obj,RAM-data,runtime
.data._ZL8pm_table,64,0x20014288,_ZL8pm_table,slot_render.cpp.obj,RAM-data,runtime
.data._ZL14eg_step_table4,8,0x200142c8,_ZL14eg_step_table4,slot_render.cpp.obj,RAM-data,runtime
.data._ZL14eg_step_tables,32,0x200142d0,_ZL14eg_step_tables,slot_render.cpp.obj,RAM-data,runtime
.data._ZL20eg_step_tables_fast2,32,0x200142f0,_ZL20eg_step_tables_fast2,slot_render.cpp.obj,RAM-data,runtime
.data._ZL19eg_step_tables_fast,32,0x20014310,_ZL19eg_step_tables_fast,slot_render.cpp.obj,RAM-data,runtime
.data.gp_dur_y,4,0x20014330,gp_dur_y,gameport.c.obj,RAM-data,runtime
.data.gp_dur_x,4,0x20014334,gp_dur_x,gameport.c.obj,RAM-data,runtime
.data.striped_spin_lock_num,1,0x20014338,striped_spin_lock_num,sync.c.obj,RAM-data,runtime
.data,72,0x2001433c,.data,irq_handler_chain.S.obj,RAM-data,runtime
.data.default_alarm_pool,24,0x20014384,default_alarm_pool,time.c.obj,RAM-data,runtime
.data._usbh_qdef,28,0x2001439c,_usbh_qdef,usbh.c.obj,RAM-data,runtime
.data._usbh_controller,1,0x200143b8,_usbh_controller,usbh.c.obj,RAM-data,runtime
.data._usbd_qdef,28,0x200143bc,_usbd_qdef,usbd.c.obj,RAM-data,runtime
.data._usbd_rhport,1,0x200143d8,_usbd_rhport,usbd.c.obj,RAM-data,runtime
.data.pio_spi,12,0x200143dc,pio_spi,libsdcard.a(sdcard.c.obj),RAM-data,runtime
.data.Stat,1,0x200143e8,Stat,libsdcard.a(sdcard.c.obj),RAM-data,runtime
.data.mouse_packet_size,1,0x200143e9,mouse_packet_size,libps2_driver.a(ps2.c.obj),RAM-data,runtime
.data.cga_colors.1,48,0x200143ec,cga_colors.1,libvideo_driver.a(hdmi.c.obj),RAM-data,runtime
.data.pio_program_instructions_conv_HDMI,8,0x2001441c,pio_program_instructions_conv_HDMI,libvideo_driver.a(hdmi.c.obj),RAM-data,runtime
.data.SM_conv,4,0x20014424,SM_conv,libvideo_driver.a(hdmi.c.obj),RAM-data,runtime
.data.SM_video,4,0x20014428,SM_video,libvideo_driver.a(hdmi.c.obj),RAM-data,runtime
.data.last_vga_mode.0,4,0x2001442c,last_vga_mode.0,libvideo_driver.a(vga_hw.c.obj),RAM-data,runtime
.data.prev_line.2,4,0x20014430,prev_line.2,libvideo_driver.a(vga_hw.c.obj),RAM-data,runtime
.data.text_stride_cells,4,0x20014434,text_stride_cells,libvideo_driver.a(vga_hw.c.obj),RAM-data,runtime
.data.text_cols,4,0x20014438,text_cols,libvideo_driver.a(vga_hw.c.obj),RAM-data,runtime
.data.frame_line_compare,4,0x2001443c,frame_line_compare,libvideo_driver.a(vga_hw.c.obj),RAM-data,runtime
.data.cursor_blink_state,4,0x20014440,cursor_blink_state,libvideo_driver.a(vga_hw.c.obj),RAM-data,runtime
.data.cursor_end,4,0x20014444,cursor_end,libvideo_driver.a(vga_hw.c.obj),RAM-data,runtime
.data.gfx_sram_stride,4,0x20014448,gfx_sram_stride,libvideo_driver.a(vga_hw.c.obj),RAM-data,runtime
.data.gfx_line_offset,4,0x2001444c,gfx_line_offset,libvideo_driver.a(vga_hw.c.obj),RAM-data,runtime
.data.gfx_height,4,0x20014450,gfx_height,libvideo_driver.a(vga_hw.c.obj),RAM-data,runtime
.data.gfx_width,4,0x20014454,gfx_width,libvideo_driver.a(vga_hw.c.obj),RAM-data,runtime
.data.gfx_submode,4,0x20014458,gfx_submode,libvideo_driver.a(vga_hw.c.obj),RAM-data,runtime
.data.current_mode,4,0x2001445c,current_mode,libvideo_driver.a(vga_hw.c.obj),RAM-data,runtime
.data.dma_ctrl_chan,4,0x20014460,dma_ctrl_chan,libvideo_driver.a(vga_hw.c.obj),RAM-data,runtime
.data.dma_data_chan,4,0x20014464,dma_data_chan,libvideo_driver.a(vga_hw.c.obj),RAM-data,runtime
.data.active_end,4,0x20014468,active_end,libvideo_driver.a(vga_hw.c.obj),RAM-data,runtime
.data.active_start,4,0x2001446c,active_start,libvideo_driver.a(vga_hw.c.obj),RAM-data,runtime
.data,4096,0x20014470,.data,libvideo_driver.a(font8x16.c.obj),RAM-data,runtime
.data.sm,1,0x20015470,sm,libnespad.a(nespad.c.obj),RAM-data,runtime
.data._ZN10__cxxabiv120__unexpected_handlerE,4,0x20015474,_ZN10__cxxabiv120__unexpected_handlerE,libstdc++.a(eh_unex_handler.o),RAM-data,runtime
.data._ZN12_GLOBAL__N_124system_category_instanceE,4,0x20015478,_ZN12_GLOBAL__N_124system_category_instanceE,libstdc++.a(system_error.o),RAM-data,runtime
.data._ZN12_GLOBAL__N_125generic_category_instanceE,4,0x2001547c,_ZN12_GLOBAL__N_125generic_category_instanceE,libstdc++.a(system_error.o),RAM-data,runtime
.data._ZN10__cxxabiv119__terminate_handlerE,4,0x20015480,_ZN10__cxxabiv119__terminate_handlerE,libstdc++.a(eh_term_handler.o),RAM-data,runtime
.data.__malloc_sbrk_base,4,0x20015484,__malloc_sbrk_base,libg.a(libc_a-mallocr.o),RAM-data,runtime
.data.__malloc_trim_threshold,4,0x20015488,__malloc_trim_threshold,libg.a(libc_a-mallocr.o),RAM-data,runtime
.data.__malloc_av_,1032,0x20015490,__malloc_av_,libg.a(libc_a-mallocr.o),RAM-data,runtime
.data.__sglue,12,0x20015898,__sglue,libg.a(libc_a-findfp.o),RAM-data,runtime
.data._impure_ptr,4,0x200158a4,_impure_ptr,libg.a(libc_a-impure.o),RAM-data,runtime
.data._impure_data,320,0x200158a8,_impure_data,libg.a(libc_a-impure.o),RAM-data,runtime
.data.__atexit_recursive_mutex,4,0x200159e8,__atexit_recursive_mutex,libg.a(libc_a-__call_atexit.o),RAM-data,runtime
.data.environ,4,0x200159ec,environ,libg.a(libc_a-environ.o),RAM-data,runtime
.data.__global_locale,364,0x200159f0,__global_locale,libg.a(libc_a-locale.o),RAM-data,runtime
.mutex_array,8,0x20015b5c,.mutex_array,malloc.c.obj,RAM-data,runtime
.mutex_array,8,0x20015b64,.mutex_array,stdio.c.obj,RAM-data,runtime
.tm_clone_table,0,0x20015b6c,.tm_clone_table,crtbegin.o,RAM-data,runtime
.tm_clone_table,0,0x20015b6c,.tm_clone_table,crtend.o,RAM-data,runtime
.bss.conv_color,4896,0x20016000,conv_color,libvideo_driver.a(hdmi.c.obj),RAM-bss,runtime
.bss._ZL11event_queue,40,0x20017320,_ZL11event_queue,ps2kbd_wrapper.cpp.obj,RAM-bss,runtime
.bss._ZN12_GLOBAL__N_114emergency_poolE,16,0x20017348,_ZN12_GLOBAL__N_114emergency_poolE,libstdc++.a(eh_alloc.o),RAM-bss,runtime
.bss._hidh_itf,56,0x20017358,_hidh_itf,hid_host.c.obj,RAM-bss,runtime
.bss.ata,2464,0x20017390,ata,disk.c.obj,RAM-bss,runtime
.bss.config,88,0x20017d30,config,main.c.obj,RAM-bss,runtime
.bss.cpu_feature_warning_until_us,8,0x20017d88,cpu_feature_warning_until_us,main.c.obj,RAM-bss,runtime
.bss.default_alarm_pool_entries,384,0x20017d90,default_alarm_pool_entries,time.c.obj,RAM-bss,runtime
.bss.emb_handles,650,0x20017f10,emb_handles,fdos_2fh.c.obj,RAM-bss,runtime
.bss.ep_pool,512,0x200181a0,ep_pool,hcd_rp2040.c.obj,RAM-bss,runtime
.bss.find_fileinfo.0,288,0x200183a0,find_fileinfo.0,netredirect.c.obj,RAM-bss,runtime
.bss.find_handle.1,88,0x200184c0,find_handle.1,netredirect.c.obj,RAM-bss,runtime
.bss.fpu,104,0x20018518,fpu,fpu.c.obj,RAM-bss,runtime
.bss.handlers,1024,0x20018580,handlers,cpu.c.obj,RAM-bss,runtime
.bss.m,128,0x20018980,m,bios_33h.c.obj,RAM-bss,runtime
.bss.m_timer.1,24,0x20018a00,m_timer.1,main.c.obj,RAM-bss,runtime
.bss.open_files,128,0x20018a18,open_files,netredirect.c.obj,RAM-bss,runtime
.bss.pending_filename,224,0x20018a98,pending_filename,diskui.c.obj,RAM-bss,runtime
.bss.rks_table,512,0x20018b78,rks_table,emu8950.c.obj,RAM-bss,runtime
.bss.rtc_anchor_us,8,0x20018d78,rtc_anchor_us,misc.c.obj,RAM-bss,runtime
.bss.t_dss.1,8,0x20018d80,t_dss.1,libaudio_driver.a(audio.c.obj),RAM-bss,runtime
.bss.tone_volume,12,0x20018d88,tone_volume,sn76489.c.obj,RAM-bss,runtime
.bss.DirBuf,608,0x20018d94,DirBuf,libfatfs.a(ff.c.obj),RAM-bss,runtime
.bss.DontAskThisSingleCommand,4,0x20018ff4,DontAskThisSingleCommand,config.c.obj,RAM-bss,init-only (FDOS DoConfig/DoInstall; reclaimable via overlay)
.bss.ErrorAlreadyPrinted,128,0x20018ff8,ErrorAlreadyPrinted,config.c.obj,RAM-bss,init-only (FDOS DoConfig/DoInstall; reclaimable via overlay)
.bss.ExtLBAForce,4,0x20019078,ExtLBAForce,initdisk.c.obj,RAM-bss,runtime
.bss.FatFs,40,0x2001907c,FatFs,libfatfs.a(ff.c.obj),RAM-bss,runtime
.bss.InstallCommands,1320,0x200190a4,InstallCommands,config.c.obj,RAM-bss,init-only (FDOS DoConfig/DoInstall; reclaimable via overlay)
.bss.LfnBuf,512,0x200195cc,LfnBuf,libfatfs.a(ff.c.obj),RAM-bss,runtime
.bss.LoL,4,0x200197cc,LoL,kernel.c.obj,RAM-bss,runtime
.bss.MenuLine,4,0x200197d0,MenuLine,config.c.obj,RAM-bss,init-only (FDOS DoConfig/DoInstall; reclaimable via overlay)
.bss.MenuStruct,890,0x200197d4,MenuStruct,config.c.obj,RAM-bss,init-only (FDOS DoConfig/DoInstall; reclaimable via overlay)
.bss.Menus,4,0x20019b50,Menus,config.c.obj,RAM-bss,init-only (FDOS DoConfig/DoInstall; reclaimable via overlay)
.bss.UmbState,4,0x20019b54,UmbState,config.c.obj,RAM-bss,init-only (FDOS DoConfig/DoInstall; reclaimable via overlay)
.bss.XMSDriverAddress,4,0x20019b58,XMSDriverAddress,inithma.c.obj,RAM-bss,runtime
.bss._ZL14eg_step_table0,8,0x20019b5c,_ZL14eg_step_table0,slot_render.cpp.obj,RAM-bss,runtime
.bss._ZL3kbd,4,0x20019b64,_ZL3kbd,ps2kbd_wrapper.cpp.obj,RAM-bss,runtime
.bss._ZN12_GLOBAL__N_110eh_globalsE,12,0x20019b68,_ZN12_GLOBAL__N_110eh_globalsE,libstdc++.a(eh_globals.o),RAM-bss,runtime
.bss._ZNSs4_Rep20_S_empty_rep_storageE,16,0x20019b74,_ZNSs4_Rep20_S_empty_rep_storageE,libstdc++.a(cow-string-inst.o),RAM-bss,runtime
.bss.__atexit,4,0x20019b84,__atexit,libg.a(libc_a-__call_atexit.o),RAM-bss,runtime
.bss.__atexit0,400,0x20019b88,__atexit0,libg.a(libc_a-__atexit.o),RAM-bss,runtime
.bss.__lock___atexit_recursive_mutex,1,0x20019d18,__lock___atexit_recursive_mutex,libg.a(libc_a-lock.o),RAM-bss,runtime
.bss.__lock___env_recursive_mutex,1,0x20019d1c,__lock___env_recursive_mutex,libg.a(libc_a-lock.o),RAM-bss,runtime
.bss.__lock___malloc_recursive_mutex,1,0x20019d20,__lock___malloc_recursive_mutex,libg.a(libc_a-lock.o),RAM-bss,runtime
.bss.__lock___sfp_recursive_mutex,1,0x20019d24,__lock___sfp_recursive_mutex,libg.a(libc_a-lock.o),RAM-bss,runtime
.bss.__malloc_current_mallinfo,40,0x20019d28,__malloc_current_mallinfo,libg.a(libc_a-mallocr.o),RAM-bss,runtime
.bss.__malloc_max_sbrked_mem,4,0x20019d50,__malloc_max_sbrked_mem,libg.a(libc_a-mallocr.o),RAM-bss,runtime
.bss.__malloc_max_total_mem,4,0x20019d54,__malloc_max_total_mem,libg.a(libc_a-mallocr.o),RAM-bss,runtime
.bss.__malloc_top_pad,4,0x20019d58,__malloc_top_pad,libg.a(libc_a-mallocr.o),RAM-bss,runtime
.bss.__sf,312,0x20019d5c,__sf,libg.a(libc_a-findfp.o),RAM-bss,runtime
.bss.__stdio_exit_handler,4,0x20019e94,__stdio_exit_handler,libg.a(libc_a-findfp.o),RAM-bss,runtime
.bss._app_driver,4,0x20019e98,_app_driver,usbh.c.obj,RAM-bss,runtime
.bss._app_driver,4,0x20019e9c,_app_driver,usbd.c.obj,RAM-bss,runtime
.bss._ctrl_epbuf,64,0x20019ea0,_ctrl_epbuf,usbd_control.c.obj,RAM-bss,runtime
.bss._ctrl_xfer,16,0x20019ee0,_ctrl_xfer,usbh.c.obj,RAM-bss,runtime
.bss._ctrl_xfer,20,0x20019ef0,_ctrl_xfer,usbd_control.c.obj,RAM-bss,runtime
.bss._dev0,4,0x20019f04,_dev0,usbh.c.obj,RAM-bss,runtime
.bss._hidh_epbuf,512,0x20019f08,_hidh_epbuf,hid_host.c.obj,RAM-bss,runtime
.bss._hub_buffer,9,0x2001a108,_hub_buffer,hub.c.obj,RAM-bss,runtime
.bss._mscd_epbuf,512,0x2001a114,_mscd_epbuf,msc_device.c.obj,RAM-bss,runtime
.bss._mscd_itf,64,0x2001a314,_mscd_itf,msc_device.c.obj,RAM-bss,runtime
.bss._nr_cpu,4,0x2001a354,_nr_cpu,netredirect.c.obj,RAM-bss,runtime
.bss._pc_cmos_for_floppy,4,0x2001a358,_pc_cmos_for_floppy,pc.c.obj,RAM-bss,runtime
.bss._pc_for_cdrom,4,0x2001a35c,_pc_for_cdrom,pc.c.obj,RAM-bss,runtime
.bss._pc_for_fdc,4,0x2001a360,_pc_for_fdc,pc.c.obj,RAM-bss,runtime
.bss._sw_spin_locks,32,0x2001a364,_sw_spin_locks,sync_spin_lock.c.obj,RAM-bss,runtime
.bss._ubsd_mutexdef,8,0x2001a384,_ubsd_mutexdef,usbd.c.obj,RAM-bss,runtime
.bss._usbd_dev,84,0x2001a38c,_usbd_dev,usbd.c.obj,RAM-bss,runtime
.bss._usbd_mutex,4,0x2001a3e0,_usbd_mutex,usbd.c.obj,RAM-bss,runtime
.bss._usbd_q,4,0x2001a3e4,_usbd_q,usbd.c.obj,RAM-bss,runtime
.bss._usbd_qdef_buf,192,0x2001a3e8,_usbd_qdef_buf,usbd.c.obj,RAM-bss,runtime
.bss._usbh_devices,430,0x2001a4a8,_usbh_devices,usbh.c.obj,RAM-bss,runtime
.bss._usbh_epbuf,264,0x2001a658,_usbh_epbuf,usbh.c.obj,RAM-bss,runtime
.bss._usbh_mutex,4,0x2001a760,_usbh_mutex,usbh.c.obj,RAM-bss,runtime
.bss._usbh_mutexdef,8,0x2001a764,_usbh_mutexdef,usbh.c.obj,RAM-bss,runtime
.bss._usbh_q,4,0x2001a76c,_usbh_q,usbh.c.obj,RAM-bss,runtime
.bss._usbh_qdef_buf,192,0x2001a770,_usbh_qdef_buf,usbh.c.obj,RAM-bss,runtime
.bss._used_instruction_space,12,0x2001a830,_used_instruction_space,pio.c.obj,RAM-bss,runtime
.bss.a20_cpu,4,0x2001a83c,a20_cpu,i8042.c.obj,RAM-bss,runtime
.bss.active_voice_bitmask,4,0x2001a840,active_voice_bitmask,pc.c.obj,RAM-bss,runtime
.bss.arm_elf_active_main_sp,4,0x2001a844,arm_elf_active_main_sp,task.c.obj,RAM-bss,runtime
.bss.arm_elf_native_stack_cursor,4,0x2001a848,arm_elf_native_stack_cursor,task.c.obj,RAM-bss,runtime
.bss.arm_ez_active_process_info,4,0x2001a84c,arm_ez_active_process_info,task.c.obj,RAM-bss,runtime
.bss.askThisSingleCommand,4,0x2001a850,askThisSingleCommand,config.c.obj,RAM-bss,init-only (FDOS DoConfig/DoInstall; reclaimable via overlay)
.bss.aux_dev,4,0x2001a854,aux_dev,kernel.c.obj,RAM-bss,runtime
.bss.availBlock.4,512,0x2001a858,availBlock.4,fcom.c.obj,RAM-bss,init/one-shot? (LH/UMB setup - verify vs runtime LH)
.bss.blank_frame_count,4,0x2001aa58,blank_frame_count,libvideo_driver.a(vga_hw.c.obj),RAM-bss,runtime
.bss.blk_dev,4,0x2001aa5c,blk_dev,kernel.c.obj,RAM-bss,runtime
.bss.buf.0,256,0x2001aa60,buf.0,bios_printf.c.obj,RAM-bss,runtime
.bss.cd_lock_count,4,0x2001ab60,cd_lock_count,bios_13h.c.obj,RAM-bss,runtime
.bss.cfgFile,40,0x2001ab64,cfgFile,config.c.obj,RAM-bss,init-only (FDOS DoConfig/DoInstall; reclaimable via overlay)
.bss.cfg_bios,32,0x2001ab8c,cfg_bios,config_save.c.obj,RAM-bss,runtime
.bss.cfg_dss,4,0x2001abac,cfg_dss,config_save.c.obj,RAM-bss,runtime
.bss.cfg_fpu,4,0x2001abb0,cfg_fpu,config_save.c.obj,RAM-bss,runtime
.bss.cfg_mouse_invert_y,4,0x2001abb4,cfg_mouse_invert_y,config_save.c.obj,RAM-bss,runtime
.bss.cfg_nes_joystick,4,0x2001abb8,cfg_nes_joystick,config_save.c.obj,RAM-bss,runtime
.bss.cfg_nes_mouse,4,0x2001abbc,cfg_nes_mouse,config_save.c.obj,RAM-bss,runtime
.bss.cfg_raw_sd_hdd,4,0x2001abc0,cfg_raw_sd_hdd,config_save.c.obj,RAM-bss,runtime
.bss.cfg_tandy,4,0x2001abc4,cfg_tandy,config_save.c.obj,RAM-bss,runtime
.bss.cfg_usb_joystick,4,0x2001abc8,cfg_usb_joystick,config_save.c.obj,RAM-bss,runtime
.bss.cfg_usb_mode,4,0x2001abcc,cfg_usb_mode,config_save.c.obj,RAM-bss,runtime
.bss.cga_palette,4,0x2001abd0,cga_palette,libvideo_driver.a(vga_hw.c.obj),RAM-bss,runtime
.bss.channel_mute,12,0x2001abd4,channel_mute,sn76489.c.obj,RAM-bss,runtime
.bss.channels_sustain_bitmask,4,0x2001abe0,channels_sustain_bitmask,pc.c.obj,RAM-bss,runtime
.bss.claimed,4,0x2001abe4,claimed,sync.c.obj,RAM-bss,runtime
.bss.claimed,2,0x2001abe8,claimed,timer.c.obj,RAM-bss,runtime
.bss.claimed,2,0x2001abec,claimed,pio.c.obj,RAM-bss,runtime
.bss.clk_dev,4,0x2001abf0,clk_dev,kernel.c.obj,RAM-bss,runtime
.bss.com1_dev,4,0x2001abf4,com1_dev,kernel.c.obj,RAM-bss,runtime
.bss.com2_dev,4,0x2001abf8,com2_dev,kernel.c.obj,RAM-bss,runtime
.bss.com3_dev,4,0x2001abfc,com3_dev,kernel.c.obj,RAM-bss,runtime
.bss.com4_dev,4,0x2001ac00,com4_dev,kernel.c.obj,RAM-bss,runtime
.bss.con_dev,4,0x2001ac04,con_dev,kernel.c.obj,RAM-bss,runtime
.bss.configured_freq,40,0x2001ac08,configured_freq,clocks.c.obj,RAM-bss,runtime
.bss.conv_color2,4096,0x2001ac30,conv_color2,libvideo_driver.a(hdmi.c.obj),RAM-bss,runtime
.bss.cpu,4,0x2001bc30,cpu,kernel.c.obj,RAM-bss,runtime
.bss.current_line.3,4,0x2001bc34,current_line.3,libvideo_driver.a(vga_hw.c.obj),RAM-bss,runtime
.bss.current_remote_dir,256,0x2001bc38,current_remote_dir,netredirect.c.obj,RAM-bss,runtime
.bss.cursor_start,4,0x2001bd38,cursor_start,libvideo_driver.a(vga_hw.c.obj),RAM-bss,runtime
.bss.cursor_x,4,0x2001bd3c,cursor_x,libvideo_driver.a(vga_hw.c.obj),RAM-bss,runtime
.bss.cursor_y,4,0x2001bd40,cursor_y,libvideo_driver.a(vga_hw.c.obj),RAM-bss,runtime
.bss.desc.0,64,0x2001bd44,desc.0,usbmsc_device.c.obj,RAM-bss,runtime
.bss.disk_cdrom_change_cb,4,0x2001bd84,disk_cdrom_change_cb,disk.c.obj,RAM-bss,runtime
.bss.disk_cmos_update_cb,4,0x2001bd88,disk_cmos_update_cb,disk.c.obj,RAM-bss,runtime
.bss.disk_fdc_mediachange_cb,4,0x2001bd8c,disk_fdc_mediachange_cb,disk.c.obj,RAM-bss,runtime
.bss.disk_guest_int13,4,0x2001bd90,disk_guest_int13,dsk.c.obj,RAM-bss,runtime
.bss.disp32,4,0x2001bd94,disp32,cpu.c.obj,RAM-bss,runtime
.bss.dma_chan,4,0x2001bd98,dma_chan,libvideo_driver.a(hdmi.c.obj),RAM-bss,runtime
.bss.dma_chan_ctrl,4,0x2001bd9c,dma_chan_ctrl,libvideo_driver.a(hdmi.c.obj),RAM-bss,runtime
.bss.dma_chan_pal_conv,4,0x2001bda0,dma_chan_pal_conv,libvideo_driver.a(hdmi.c.obj),RAM-bss,runtime
.bss.dma_chan_pal_conv_ctrl,4,0x2001bda4,dma_chan_pal_conv_ctrl,libvideo_driver.a(hdmi.c.obj),RAM-bss,runtime
.bss.doom_diag_native_stack_bottom,4,0x2001bda8,doom_diag_native_stack_bottom,task.c.obj,RAM-bss,runtime
.bss.doom_diag_native_stack_top,4,0x2001bdac,doom_diag_native_stack_top,task.c.obj,RAM-bss,runtime
.bss.dos_diag_code,4,0x2001bdb0,dos_diag_code,dos_api.c.obj,RAM-bss,runtime
.bss.drivers,4,0x2001bdb4,drivers,stdio.c.obj,RAM-bss,runtime
.bss.dss_v.0,4,0x2001bdb8,dss_v.0,libaudio_driver.a(audio.c.obj),RAM-bss,runtime
.bss.e15_last_sof,4,0x2001bdbc,e15_last_sof,rp2040_usb.c.obj,RAM-bss,runtime
.bss.ea,4,0x2001bdc0,ea,cpu.c.obj,RAM-bss,runtime
.bss.ega_palette,16,0x2001bdc4,ega_palette,libvideo_driver.a(vga_hw.c.obj),RAM-bss,runtime
.bss.ems_pages,4,0x2001bdd4,ems_pages,pc.c.obj,RAM-bss,runtime
.bss.envp,4,0x2001bdd8,envp,config.c.obj,RAM-bss,init-only (FDOS DoConfig/DoInstall; reclaimable via overlay)
.bss.errno,4,0x2001bddc,errno,libg.a(libc_a-reent.o),RAM-bss,runtime
.bss.event_wait_deadline,4,0x2001bde0,event_wait_deadline,bios_15h.c.obj,RAM-bss,runtime
.bss.event_wait_flag_lin,4,0x2001bde4,event_wait_flag_lin,bios_15h.c.obj,RAM-bss,runtime
.bss.fatfs,588,0x2001bde8,fatfs,main.c.obj,RAM-bss,runtime
.bss.fcom_exec_search,20,0x2001c034,fcom_exec_search,fcom.c.obj,RAM-bss,runtime
.bss.fdd_changed,2,0x2001c048,fdd_changed,bios_13h.c.obj,RAM-bss,runtime
.bss.fifo_buffer,16,0x2001c04c,fifo_buffer,dss.c.obj,RAM-bss,runtime
.bss.file_count,4,0x2001c05c,file_count,diskui.c.obj,RAM-bss,runtime
.bss.file_list,768,0x2001c060,file_list,diskui.c.obj,RAM-bss,runtime
.bss.file_scroll_offset,4,0x2001c360,file_scroll_offset,diskui.c.obj,RAM-bss,runtime
.bss.filter,4,0x2001c364,filter,stdio.c.obj,RAM-bss,runtime
.bss.frame_update_request,4,0x2001c368,frame_update_request,libvideo_driver.a(vga_hw.c.obj),RAM-bss,runtime
.bss.g_pc,4,0x2001c36c,g_pc,pc.c.obj,RAM-bss,runtime
.bss.gp_slots,64,0x2001c370,gp_slots,usbgamepad.c.obj,RAM-bss,runtime
.bss.gp_start_us,4,0x2001c3b0,gp_start_us,gameport.c.obj,RAM-bss,runtime
.bss.guest_bulk_buf,512,0x2001c3b4,guest_bulk_buf,pc.c.obj,RAM-bss,runtime
.bss.hdcount,4,0x2001c5b4,hdcount,disk.c.obj,RAM-bss,runtime
.bss.hdmi_extra_line_buf,800,0x2001c5b8,hdmi_extra_line_buf,libvideo_driver.a(hdmi.c.obj),RAM-bss,runtime
.bss.heap_end.0,4,0x2001c8d8,heap_end.0,newlib_interface.c.obj,RAM-bss,runtime
.bss.held_keys,6,0x2001c8dc,held_keys,hid_app.c.obj,RAM-bss,runtime
.bss.hid_info,72,0x2001c8e4,hid_info,hid_app.c.obj,RAM-bss,runtime
.bss.hub_data,16,0x2001c92c,hub_data,hub.c.obj,RAM-bss,runtime
.bss.hw_endpoints,1024,0x2001c93c,hw_endpoints,dcd_rp2040.c.obj,RAM-bss,runtime
.bss.i2s_config,20,0x2001cd3c,i2s_config,libaudio_driver.a(audio.c.obj),RAM-bss,runtime
.bss.init.1,67,0x2001cd50,init.1,config.c.obj,RAM-bss,init-only (FDOS DoConfig/DoInstall; reclaimable via overlay)
.bss.initial_env,4,0x2001cd94,initial_env,libg.a(libc_a-environ.o),RAM-bss,runtime
.bss.inittail.0,67,0x2001cd98,inittail.0,config.c.obj,RAM-bss,init-only (FDOS DoConfig/DoInstall; reclaimable via overlay)
.bss.internal_data,4,0x2001cddc,internal_data,kernel.c.obj,RAM-bss,runtime
.bss.irq1_saved_regs,44,0x2001cde0,irq1_saved_regs,bios_09h.c.obj,RAM-bss,runtime
.bss.irq_inx,4,0x2001ce0c,irq_inx,libvideo_driver.a(hdmi.c.obj),RAM-bss,runtime
.bss.isr_busy_us_acc,4,0x2001ce10,isr_busy_us_acc,libvideo_driver.a(vga_hw.c.obj),RAM-bss,runtime
.bss.kbd_sm,4,0x2001ce14,kbd_sm,libps2_driver.a(ps2.c.obj),RAM-bss,runtime
.bss.key_action_head,4,0x2001ce18,key_action_head,hid_app.c.obj,RAM-bss,runtime
.bss.key_action_queue,256,0x2001ce1c,key_action_queue,hid_app.c.obj,RAM-bss,runtime
.bss.key_action_tail,4,0x2001cf1c,key_action_tail,hid_app.c.obj,RAM-bss,runtime
.bss.keyboard_connected,4,0x2001cf20,keyboard_connected,hid_app.c.obj,RAM-bss,runtime
.bss.lazy_vsnprintf,4,0x2001cf24,lazy_vsnprintf,printf.c.obj,RAM-bss,runtime
.bss.lfn_slots_x86,4,0x2001cf28,lfn_slots_x86,lfnapi.c.obj,RAM-bss,runtime
.bss.lfo_am_buffer_lsl3.4,1024,0x2001cf2c,lfo_am_buffer_lsl3.4,emu8950.c.obj,RAM-bss,runtime
.bss.lh_allocatedBlocks,4,0x2001d32c,lh_allocatedBlocks,fcom.c.obj,RAM-bss,init/one-shot? (LH/UMB setup - verify vs runtime LH)
.bss.lh_block,512,0x2001d330,lh_block,fcom.c.obj,RAM-bss,init/one-shot? (LH/UMB setup - verify vs runtime LH)
.bss.lh_fnam,128,0x2001d530,lh_fnam,fcom.c.obj,RAM-bss,init/one-shot? (LH/UMB setup - verify vs runtime LH)
.bss.lh_optL,64,0x2001d5b0,lh_optL,fcom.c.obj,RAM-bss,init/one-shot? (LH/UMB setup - verify vs runtime LH)
.bss.lh_optL_present,4,0x2001d5f0,lh_optL_present,fcom.c.obj,RAM-bss,init/one-shot? (LH/UMB setup - verify vs runtime LH)
.bss.lh_optS,4,0x2001d5f4,lh_optS,fcom.c.obj,RAM-bss,init/one-shot? (LH/UMB setup - verify vs runtime LH)
.bss.lh_umbRegion,640,0x2001d5f8,lh_umbRegion,fcom.c.obj,RAM-bss,init/one-shot? (LH/UMB setup - verify vs runtime LH)
.bss.lh_umbRegions,4,0x2001d878,lh_umbRegions,fcom.c.obj,RAM-bss,init/one-shot? (LH/UMB setup - verify vs runtime LH)
.bss.lh_upper_flag,4,0x2001d87c,lh_upper_flag,fcom.c.obj,RAM-bss,init/one-shot? (LH/UMB setup - verify vs runtime LH)
.bss.line.0,161,0x2001d880,line.0,bios_05h.c.obj,RAM-bss,runtime
.bss.line.0,4,0x2001d924,line.0,libvideo_driver.a(hdmi.c.obj),RAM-bss,runtime
.bss.lines_pattern,16,0x2001d928,lines_pattern,libvideo_driver.a(vga_hw.c.obj),RAM-bss,runtime
.bss.load_value,4,0x2001d938,load_value,watchdog.c.obj,RAM-bss,runtime
.bss.lpTop,4,0x2001d93c,lpTop,kernel.c.obj,RAM-bss,runtime
.bss.lpt1_dev,4,0x2001d940,lpt1_dev,kernel.c.obj,RAM-bss,runtime
.bss.lpt2_dev,4,0x2001d944,lpt2_dev,kernel.c.obj,RAM-bss,runtime
.bss.lpt3_dev,4,0x2001d948,lpt3_dev,kernel.c.obj,RAM-bss,runtime
.bss.master_counter,4,0x2001d94c,master_counter,sn76489.c.obj,RAM-bss,runtime
.bss.midi_command,4,0x2001d950,midi_command,pc.c.obj,RAM-bss,runtime
.bss.midi_insysex,4,0x2001d954,midi_insysex,pc.c.obj,RAM-bss,runtime
.bss.midi_len,4,0x2001d958,midi_len,pc.c.obj,RAM-bss,runtime
.bss.midi_pos,4,0x2001d95c,midi_pos,pc.c.obj,RAM-bss,runtime
.bss.midi_voices,512,0x2001d960,midi_voices,pc.c.obj,RAM-bss,runtime
.bss.missed_isr_count,4,0x2001db60,missed_isr_count,libvideo_driver.a(vga_hw.c.obj),RAM-bss,runtime
.bss.mod_buffer.3,2048,0x2001db64,mod_buffer.3,emu8950.c.obj,RAM-bss,runtime
.bss.mouse_button_press_time,4,0x2001e364,mouse_button_press_time,libps2_driver.a(ps2.c.obj),RAM-bss,runtime
.bss.mouse_clk_pin,4,0x2001e368,mouse_clk_pin,libps2_driver.a(ps2.c.obj),RAM-bss,runtime
.bss.mouse_connected,4,0x2001e36c,mouse_connected,hid_app.c.obj,RAM-bss,runtime
.bss.mouse_data_pin,4,0x2001e370,mouse_data_pin,libps2_driver.a(ps2.c.obj),RAM-bss,runtime
.bss.mouse_frame_errors,4,0x2001e374,mouse_frame_errors,libps2_driver.a(ps2.c.obj),RAM-bss,runtime
.bss.mouse_packet,4,0x2001e378,mouse_packet,libps2_driver.a(ps2.c.obj),RAM-bss,runtime
.bss.mouse_parity_errors,4,0x2001e37c,mouse_parity_errors,libps2_driver.a(ps2.c.obj),RAM-bss,runtime
.bss.mouse_rx_buffer,128,0x2001e380,mouse_rx_buffer,libps2_driver.a(ps2.c.obj),RAM-bss,runtime
.bss.mouse_sm,4,0x2001e400,mouse_sm,libps2_driver.a(ps2.c.obj),RAM-bss,runtime
.bss.mouse_state,8,0x2001e404,mouse_state,hid_app.c.obj,RAM-bss,runtime
.bss.mouse_state,8,0x2001e40c,mouse_state,libps2_driver.a(ps2.c.obj),RAM-bss,runtime
.bss.mouse_sync_errors,4,0x2001e414,mouse_sync_errors,libps2_driver.a(ps2.c.obj),RAM-bss,runtime
.bss.mouse_valid_packet_count,4,0x2001e418,mouse_valid_packet_count,libps2_driver.a(ps2.c.obj),RAM-bss,runtime
.bss.nCfgLine,4,0x2001e41c,nCfgLine,config.c.obj,RAM-bss,init-only (FDOS DoConfig/DoInstall; reclaimable via overlay)
.bss.nCurChain,4,0x2001e420,nCurChain,config.c.obj,RAM-bss,init-only (FDOS DoConfig/DoInstall; reclaimable via overlay)
.bss.nFileDesc,4,0x2001e424,nFileDesc,config.c.obj,RAM-bss,init-only (FDOS DoConfig/DoInstall; reclaimable via overlay)
.bss.nMenuLine,4,0x2001e428,nMenuLine,config.c.obj,RAM-bss,init-only (FDOS DoConfig/DoInstall; reclaimable via overlay)
.bss.nUnits,4,0x2001e42c,nUnits,initdisk.c.obj,RAM-bss,runtime
.bss.near_mcb.5,16,0x2001e430,near_mcb.5,config.c.obj,RAM-bss,init-only (FDOS DoConfig/DoInstall; reclaimable via overlay)
.bss.nespad_state,4,0x2001e440,nespad_state,libnespad.a(nespad.c.obj),RAM-bss,runtime
.bss.nespad_state2,4,0x2001e444,nespad_state2,libnespad.a(nespad.c.obj),RAM-bss,runtime
.bss.new_frame_max_us,4,0x2001e448,new_frame_max_us,libvideo_driver.a(vga_hw.c.obj),RAM-bss,runtime
.bss.new_path.2,256,0x2001e44c,new_path.2,netredirect.c.obj,RAM-bss,runtime
.bss.next_buffer_ptr,4,0x2001e54c,next_buffer_ptr,dcd_rp2040.c.obj,RAM-bss,runtime
.bss.noise_counter,4,0x2001e550,noise_counter,sn76489.c.obj,RAM-bss,runtime
.bss.noise_frequency,4,0x2001e554,noise_frequency,sn76489.c.obj,RAM-bss,runtime
.bss.noise_lfsr_seed,4,0x2001e558,noise_lfsr_seed,sn76489.c.obj,RAM-bss,runtime
.bss.noise_type_mode,4,0x2001e55c,noise_type_mode,sn76489.c.obj,RAM-bss,runtime
.bss.noise_uses_tone2_freq,4,0x2001e560,noise_uses_tone2_freq,sn76489.c.obj,RAM-bss,runtime
.bss.noise_volume,4,0x2001e564,noise_volume,sn76489.c.obj,RAM-bss,runtime
.bss.numInstallCmds,4,0x2001e568,numInstallCmds,config.c.obj,RAM-bss,init-only (FDOS DoConfig/DoInstall; reclaimable via overlay)
.bss.object.0,24,0x2001e56c,object.0,crtbegin.o,RAM-bss,runtime
.bss.offs_prg0,4,0x2001e584,offs_prg0,libvideo_driver.a(hdmi.c.obj),RAM-bss,runtime
.bss.offs_prg1,4,0x2001e588,offs_prg1,libvideo_driver.a(hdmi.c.obj),RAM-bss,runtime
.bss.orig_cpu,4,0x2001e58c,orig_cpu,settingsui.c.obj,RAM-bss,runtime
.bss.orig_cpu_freq,4,0x2001e590,orig_cpu_freq,settingsui.c.obj,RAM-bss,runtime
.bss.orig_flash_freq,4,0x2001e594,orig_flash_freq,settingsui.c.obj,RAM-bss,runtime
.bss.orig_fpu,4,0x2001e598,orig_fpu,settingsui.c.obj,RAM-bss,runtime
.bss.orig_mem,4,0x2001e59c,orig_mem,settingsui.c.obj,RAM-bss,runtime
.bss.orig_mouse_invert_y,4,0x2001e5a0,orig_mouse_invert_y,settingsui.c.obj,RAM-bss,runtime
.bss.orig_psram_freq,4,0x2001e5a4,orig_psram_freq,settingsui.c.obj,RAM-bss,runtime
.bss.orig_raw_sd_hdd,4,0x2001e5a8,orig_raw_sd_hdd,settingsui.c.obj,RAM-bss,runtime
.bss.orig_redirector,4,0x2001e5ac,orig_redirector,settingsui.c.obj,RAM-bss,runtime
.bss.orig_usb_mode,4,0x2001e5b0,orig_usb_mode,settingsui.c.obj,RAM-bss,runtime
.bss.orig_voltage,4,0x2001e5b4,orig_voltage,settingsui.c.obj,RAM-bss,runtime
.bss.orig_volume,4,0x2001e5b8,orig_volume,settingsui.c.obj,RAM-bss,runtime
.bss.pLineStart,4,0x2001e5bc,pLineStart,config.c.obj,RAM-bss,init-only (FDOS DoConfig/DoInstall; reclaimable via overlay)
.bss.palette_a,1024,0x2001e5c0,palette_a,libvideo_driver.a(vga_hw.c.obj),RAM-bss,runtime
.bss.pc,4,0x2001e9c0,pc,main.c.obj,RAM-bss,runtime
.bss.pc_last_device_service,4,0x2001e9c4,pc_last_device_service,pc.c.obj,RAM-bss,runtime
.bss.pending_changed,7,0x2001e9c8,pending_changed,diskui.c.obj,RAM-bss,runtime
.bss.phase.0,4,0x2001e9d0,phase.0,sb16.c.obj,RAM-bss,runtime
.bss.phase.0,4,0x2001e9d4,phase.0,pcspk.c.obj,RAM-bss,runtime
.bss.plasma_frame,4,0x2001e9d8,plasma_frame,diskui.c.obj,RAM-bss,runtime
.bss.plasma_frame,4,0x2001e9dc,plasma_frame,settingsui.c.obj,RAM-bss,runtime
.bss.poll_counter.2,4,0x2001e9e0,poll_counter.2,main.c.obj,RAM-bss,runtime
.bss.pools,32,0x2001e9e4,pools,time.c.obj,RAM-bss,runtime
.bss.prev_kbd_report,8,0x2001ea04,prev_kbd_report,hid_app.c.obj,RAM-bss,runtime
.bss.prn_dev,4,0x2001ea0c,prn_dev,kernel.c.obj,RAM-bss,runtime
.bss.ps2_pio,4,0x2001ea10,ps2_pio,libps2_driver.a(ps2.c.obj),RAM-bss,runtime
.bss.ps2_program_offset,4,0x2001ea14,ps2_program_offset,libps2_driver.a(ps2.c.obj),RAM-bss,runtime
.bss.raw_sd_hdd_sectors,4,0x2001ea18,raw_sd_hdd_sectors,disk.c.obj,RAM-bss,runtime
.bss.register_address,4,0x2001ea1c,register_address,sn76489.c.obj,RAM-bss,runtime
.bss.repeat_next_time,4,0x2001ea20,repeat_next_time,hid_app.c.obj,RAM-bss,runtime
.bss.retrieved_id,8,0x2001ea24,retrieved_id,unique_id.c.obj,RAM-bss,runtime
.bss.rtc_anchor_sec,4,0x2001ea2c,rtc_anchor_sec,misc.c.obj,RAM-bss,runtime
.bss.rtc_cache_valid,4,0x2001ea30,rtc_cache_valid,misc.c.obj,RAM-bss,runtime
.bss.rtc_cached_sec,4,0x2001ea34,rtc_cached_sec,misc.c.obj,RAM-bss,runtime
.bss.samples,4,0x2001ea38,samples,libaudio_driver.a(audio.c.obj),RAM-bss,runtime
.bss.scroll_offset,4,0x2001ea3c,scroll_offset,settingsui.c.obj,RAM-bss,runtime
.bss.sda_addr.4,4,0x2001ea40,sda_addr.4,netredirect.c.obj,RAM-bss,runtime
.bss.sectorbuffer,512,0x2001ea44,sectorbuffer,disk.c.obj,RAM-bss,runtime
.bss.segregs32,24,0x2001ec44,segregs32,cpu.c.obj,RAM-bss,runtime
.bss.selected_file,4,0x2001ec5c,selected_file,diskui.c.obj,RAM-bss,runtime
.bss.selected_item,4,0x2001ec60,selected_item,settingsui.c.obj,RAM-bss,runtime
.bss.selected_row,4,0x2001ec64,selected_row,diskui.c.obj,RAM-bss,runtime
.bss.sleep_notifier,4,0x2001ec68,sleep_notifier,time.c.obj,RAM-bss,runtime
.bss.start_us.1,4,0x2001ec6c,start_us.1,bios_15h.c.obj,RAM-bss,runtime
.bss.tag_idx.1,4,0x2001ec70,tag_idx.1,fdos_21h.c.obj,RAM-bss,runtime
.bss.tags.0,640,0x2001ec74,tags.0,fdos_21h.c.obj,RAM-bss,runtime
.bss.tone_counter,12,0x2001eef4,tone_counter,sn76489.c.obj,RAM-bss,runtime
.bss.tone_frequency,12,0x2001ef00,tone_frequency,sn76489.c.obj,RAM-bss,runtime
.bss.tone_output_state,12,0x2001ef0c,tone_output_state,sn76489.c.obj,RAM-bss,runtime
.bss.transfer_buffer,512,0x2001ef18,transfer_buffer,netredirect.c.obj,RAM-bss,runtime
.bss.umb_blocks_allocated,4,0x2001f118,umb_blocks_allocated,fdos_2fh.c.obj,RAM-bss,runtime
.bss.usb_disk,8,0x2001f11c,usb_disk,usbmsc_device.c.obj,RAM-bss,runtime
.bss.vga_sm,4,0x2001f124,vga_sm,libvideo_driver.a(vga_hw.c.obj),RAM-bss,runtime
.bss.vga_state,4,0x2001f128,vga_state,libvideo_driver.a(vga_hw.c.obj),RAM-bss,runtime
.bss.was_vblank.0,4,0x2001f12c,was_vblank.0,vga.c.obj,RAM-bss,runtime
.bss.x86_firstAvailableBuf,4,0x2001f130,x86_firstAvailableBuf,config.c.obj,RAM-bss,init-only (FDOS DoConfig/DoInstall; reclaimable via overlay)
.bss.x86_fnode,4,0x2001f134,x86_fnode,fatfs.c.obj,RAM-bss,runtime
.bss.x86_stackBase,4,0x2001f138,x86_stackBase,config.c.obj,RAM-bss,init-only (FDOS DoConfig/DoInstall; reclaimable via overlay)
.bss.DaysSinceEpoch,2,0x2001f13c,DaysSinceEpoch,kernel.c.obj,RAM-bss,runtime
.bss.Fsid,2,0x2001f13e,Fsid,libfatfs.a(ff.c.obj),RAM-bss,runtime
.bss.HMAFree,2,0x2001f140,HMAFree,inithma.c.obj,RAM-bss,runtime
.bss.UMB_top,2,0x2001f142,UMB_top,config.c.obj,RAM-bss,init-only (FDOS DoConfig/DoInstall; reclaimable via overlay)
.bss._claimed,2,0x2001f144,_claimed,dma.c.obj,RAM-bss,runtime
.bss.base_seg,2,0x2001f146,base_seg,config.c.obj,RAM-bss,init-only (FDOS DoConfig/DoInstall; reclaimable via overlay)
.bss.doom_diag_dos_stack_seg,2,0x2001f148,doom_diag_dos_stack_seg,task.c.obj,RAM-bss,runtime
.bss.doom_diag_dos_stack_size,2,0x2001f14a,doom_diag_dos_stack_size,task.c.obj,RAM-bss,runtime
.bss.firstip.0,2,0x2001f14c,firstip.0,cpu.c.obj,RAM-bss,runtime
.bss.frame_vram_offset,2,0x2001f14e,frame_vram_offset,libvideo_driver.a(vga_hw.c.obj),RAM-bss,runtime
.bss.frametemp,2,0x2001f150,frametemp,cpu.c.obj,RAM-bss,runtime
.bss.oldsp,2,0x2001f152,oldsp,cpu.c.obj,RAM-bss,runtime
.bss.oper1,2,0x2001f154,oper1,cpu.c.obj,RAM-bss,runtime
.bss.oper2,2,0x2001f156,oper2,cpu.c.obj,RAM-bss,runtime
.bss.ram_top,2,0x2001f158,ram_top,kernel.c.obj,RAM-bss,runtime
.bss.res16,2,0x2001f15a,res16,cpu.c.obj,RAM-bss,runtime
.bss.stacksize,2,0x2001f15c,stacksize,cpu.c.obj,RAM-bss,runtime
.bss.temp16,2,0x2001f15e,temp16,cpu.c.obj,RAM-bss,runtime
.bss.umb_base_seg,2,0x2001f160,umb_base_seg,config.c.obj,RAM-bss,init-only (FDOS DoConfig/DoInstall; reclaimable via overlay)
.bss.umb_start,2,0x2001f162,umb_start,config.c.obj,RAM-bss,init-only (FDOS DoConfig/DoInstall; reclaimable via overlay)
.bss.useseg,2,0x2001f164,useseg,cpu.c.obj,RAM-bss,runtime
.bss.wAttr,2,0x2001f166,wAttr,fcbfns.c.obj,RAM-bss,runtime
.bss.CardType,1,0x2001f168,CardType,libsdcard.a(sdcard.c.obj),RAM-bss,runtime
.bss.CurrVol,1,0x2001f169,CurrVol,libfatfs.a(ff.c.obj),RAM-bss,runtime
.bss.DosLoadedInHMA,1,0x2001f16a,DosLoadedInHMA,inithma.c.obj,RAM-bss,runtime
.bss.HMAState,1,0x2001f16b,HMAState,config.c.obj,RAM-bss,init-only (FDOS DoConfig/DoInstall; reclaimable via overlay)
.bss.HMAclaimed,1,0x2001f16c,HMAclaimed,inithma.c.obj,RAM-bss,runtime
.bss.HaltCpuWhileIdle,1,0x2001f16d,HaltCpuWhileIdle,kernel.c.obj,RAM-bss,runtime
.bss.MenuSelected,1,0x2001f16e,MenuSelected,config.c.obj,RAM-bss,init-only (FDOS DoConfig/DoInstall; reclaimable via overlay)
.bss.ReturnAnyDosVersionExpected,1,0x2001f16f,ReturnAnyDosVersionExpected,config.c.obj,RAM-bss,init-only (FDOS DoConfig/DoInstall; reclaimable via overlay)
.bss.SELECT_VGA,1,0x2001f170,SELECT_VGA,libvideo_driver.a(vga_hw.c.obj),RAM-bss,runtime
.bss.SkipAllConfig,1,0x2001f171,SkipAllConfig,config.c.obj,RAM-bss,init-only (FDOS DoConfig/DoInstall; reclaimable via overlay)
.bss._ZZN9__gnu_cxx27__verbose_terminate_handlerEvE11terminating,1,0x2001f172,_ZZN9__gnu_cxx27__verbose_terminate_handlerEvE11terminating,libstdc++.a(vterminate.o),RAM-bss,runtime
.bss._app_driver_count,1,0x2001f173,_app_driver_count,usbh.c.obj,RAM-bss,runtime
.bss._app_driver_count,1,0x2001f174,_app_driver_count,usbd.c.obj,RAM-bss,runtime
.bss._hidh_default_protocol,1,0x2001f175,_hidh_default_protocol,hid_host.c.obj,RAM-bss,runtime
.bss._sof_enable,1,0x2001f176,_sof_enable,dcd_rp2040.c.obj,RAM-bss,runtime
.bss._usbd_queued_setup,1,0x2001f177,_usbd_queued_setup,usbd.c.obj,RAM-bss,runtime
.bss.alt_key_pressed,1,0x2001f178,alt_key_pressed,main.c.obj,RAM-bss,runtime
.bss.cfg_changed,1,0x2001f179,cfg_changed,config_save.c.obj,RAM-bss,runtime
.bss.cfg_hw_changed,1,0x2001f17a,cfg_hw_changed,config_save.c.obj,RAM-bss,runtime
.bss.con_scan_code,1,0x2001f17b,con_scan_code,kernel.c.obj,RAM-bss,runtime
.bss.control.0,1,0x2001f17c,control.0,dss.c.obj,RAM-bss,runtime
.bss.ctrl_key_pressed,1,0x2001f17d,ctrl_key_pressed,main.c.obj,RAM-bss,runtime
.bss.dss_data,1,0x2001f17e,dss_data,dss.c.obj,RAM-bss,runtime
.bss.event_wait_armed,1,0x2001f17f,event_wait_armed,bios_15h.c.obj,RAM-bss,runtime
.bss.failed_count.0,1,0x2001f180,failed_count.0,usbh.c.obj,RAM-bss,runtime
.bss.fifo_count,1,0x2001f181,fifo_count,dss.c.obj,RAM-bss,runtime
.bss.fifo_head,1,0x2001f182,fifo_head,dss.c.obj,RAM-bss,runtime
.bss.fifo_tail,1,0x2001f183,fifo_tail,dss.c.obj,RAM-bss,runtime
.bss.find_is_ours.3,1,0x2001f184,find_is_ours.3,netredirect.c.obj,RAM-bss,runtime
.bss.frame_pixel_panning,1,0x2001f185,frame_pixel_panning,libvideo_driver.a(vga_hw.c.obj),RAM-bss,runtime
.bss.gp_buttons,1,0x2001f186,gp_buttons,gameport.c.obj,RAM-bss,runtime
.bss.gp_running,1,0x2001f187,gp_running,gameport.c.obj,RAM-bss,runtime
.bss.handler_installed.1,1,0x2001f188,handler_installed.1,fdos_2fh.c.obj,RAM-bss,runtime
.bss.held.1,1,0x2001f189,held.1,dss.c.obj,RAM-bss,runtime
.bss.initialized,1,0x2001f18a,initialized,main.c.obj,RAM-bss,runtime
.bss.irq_handler_chain_free_slot_head,1,0x2001f18b,irq_handler_chain_free_slot_head,irq.c.obj,RAM-bss,runtime
.bss.menu_state,1,0x2001f18c,menu_state,diskui.c.obj,RAM-bss,runtime
.bss.mode,1,0x2001f18d,mode,cpu.c.obj,RAM-bss,runtime
.bss.mouse_last_buttons,1,0x2001f18e,mouse_last_buttons,libps2_driver.a(ps2.c.obj),RAM-bss,runtime
.bss.mouse_packet_idx,1,0x2001f18f,mouse_packet_idx,libps2_driver.a(ps2.c.obj),RAM-bss,runtime
.bss.mouse_pio_initialized,1,0x2001f190,mouse_pio_initialized,libps2_driver.a(ps2.c.obj),RAM-bss,runtime
.bss.mouse_rx_head,1,0x2001f191,mouse_rx_head,libps2_driver.a(ps2.c.obj),RAM-bss,runtime
.bss.mouse_rx_tail,1,0x2001f192,mouse_rx_tail,libps2_driver.a(ps2.c.obj),RAM-bss,runtime
.bss.mouse_streaming,1,0x2001f193,mouse_streaming,libps2_driver.a(ps2.c.obj),RAM-bss,runtime
.bss.mpu_rx_data,1,0x2001f194,mpu_rx_data,pc.c.obj,RAM-bss,runtime
.bss.nestlev,1,0x2001f195,nestlev,cpu.c.obj,RAM-bss,runtime
.bss.oldcf,1,0x2001f196,oldcf,cpu.c.obj,RAM-bss,runtime
.bss.operandSizeOverride,1,0x2001f197,operandSizeOverride,cpu.c.obj,RAM-bss,runtime
.bss.osd_visible,1,0x2001f198,osd_visible,libvideo_driver.a(vga_osd.c.obj),RAM-bss,runtime
.bss.pad_initialized,1,0x2001f199,pad_initialized,libnespad.a(nespad.c.obj),RAM-bss,runtime
.bss.pending_ss_trap,1,0x2001f19a,pending_ss_trap,cpu.c.obj,RAM-bss,runtime
.bss.prev,1,0x2001f19b,prev,libaudio_driver.a(audio.c.obj),RAM-bss,runtime
.bss.prev_buttons.0,1,0x2001f19c,prev_buttons.0,main.c.obj,RAM-bss,runtime
.bss.raw_sd_hdd_enabled,1,0x2001f19d,raw_sd_hdd_enabled,disk.c.obj,RAM-bss,runtime
.bss.reboot_required,1,0x2001f19e,reboot_required,diskui.c.obj,RAM-bss,runtime
.bss.reg,1,0x2001f19f,reg,cpu.c.obj,RAM-bss,runtime
.bss.repeat_key,1,0x2001f1a0,repeat_key,hid_app.c.obj,RAM-bss,runtime
.bss.reptype,1,0x2001f1a1,reptype,cpu.c.obj,RAM-bss,runtime
.bss.required_to_repair_text_pal,1,0x2001f1a2,required_to_repair_text_pal,libvideo_driver.a(hdmi.c.obj),RAM-bss,runtime
.bss.restart_requested,1,0x2001f1a3,restart_requested,settingsui.c.obj,RAM-bss,runtime
.bss.rm,1,0x2001f1a4,rm,cpu.c.obj,RAM-bss,runtime
.bss.segoverride,1,0x2001f1a5,segoverride,cpu.c.obj,RAM-bss,runtime
.bss.settings_state,1,0x2001f1a6,settings_state,settingsui.c.obj,RAM-bss,runtime
.bss.share_installed,1,0x2001f1a7,share_installed,dosfns.c.obj,RAM-bss,runtime
.bss.singleStep,1,0x2001f1a8,singleStep,config.c.obj,RAM-bss,init-only (FDOS DoConfig/DoInstall; reclaimable via overlay)
.bss.table_initialized,1,0x2001f1a9,table_initialized,emu8950.c.obj,RAM-bss,runtime
.bss.tempcf,1,0x2001f1aa,tempcf,cpu.c.obj,RAM-bss,runtime
.bss.term_exit_code,1,0x2001f1ab,term_exit_code,task.c.obj,RAM-bss,runtime
.bss.term_exit_type,1,0x2001f1ac,term_exit_type,task.c.obj,RAM-bss,runtime
.bss.terminate_flag,1,0x2001f1ad,terminate_flag,task.c.obj,RAM-bss,runtime
.bss.vga_initialized,1,0x2001f1ae,vga_initialized,main.c.obj,RAM-bss,runtime
.bss.volume,1,0x2001f1af,volume,libaudio_driver.a(audio.c.obj),RAM-bss,runtime
.bss.was_in_retrace.4,1,0x2001f1b0,was_in_retrace.4,libvideo_driver.a(vga_hw.c.obj),RAM-bss,runtime
.bss.win_key_pressed,1,0x2001f1b1,win_key_pressed,main.c.obj,RAM-bss,runtime
.bss.xms_handles,1,0x2001f1b2,xms_handles,fdos_2fh.c.obj,RAM-bss,runtime
.bss.xms_hma_taken_by_guest,1,0x2001f1b3,xms_hma_taken_by_guest,fdos_2fh.c.obj,RAM-bss,runtime
